{"cameraMode":{"drawMode":0,"name":"Shaded","section":"Shading Mode"},"sceneLighting":true,"audioPlay":false,"sceneViewState":{"m_AlwaysRefresh":false,"showFog":false,"showSkybox":false,"showFlares":true,"showImageEffects":true,"showParticleSystems":true,"showVisualEffectGraphs":true,"m_FxEnabled":true},"in2DMode":false,"pivot":{"x":35.33172607421875,"y":-13.480823516845704,"z":66.74922943115235},"rotation":{"x":0.09724198281764984,"y":0.17815302312374116,"z":-0.017695043236017228,"w":0.979027271270752},"size":44.328086853027347,"orthographic":false}