{"cameraMode":{"drawMode":0,"name":"Shaded","section":"Shading Mode"},"sceneLighting":true,"audioPlay":false,"sceneViewState":{"m_AlwaysRefresh":false,"showFog":false,"showSkybox":true,"showFlares":true,"showImageEffects":true,"showParticleSystems":true,"showVisualEffectGraphs":true,"m_FxEnabled":true},"in2DMode":false,"pivot":{"x":7.142498016357422,"y":2.4137561321258547,"z":-0.6948447227478027},"rotation":{"x":0.019807739183306695,"y":-0.9682900309562683,"z":0.2354183942079544,"w":0.08148402720689774},"size":3.5505940914154054,"orthographic":false}