{"cameraMode":{"drawMode":0,"name":"Shaded","section":"Shading Mode"},"sceneLighting":false,"audioPlay":false,"sceneViewState":{"m_AlwaysRefresh":false,"showFog":false,"showSkybox":false,"showFlares":true,"showImageEffects":true,"showParticleSystems":true,"showVisualEffectGraphs":true,"m_FxEnabled":true},"in2DMode":false,"pivot":{"x":0.18300700187683106,"y":-0.16504395008087159,"z":-1.0313303470611573},"rotation":{"x":0.13145887851715089,"y":-0.6334490180015564,"z":0.11036654561758042,"w":0.7545071840286255},"size":2.1219096183776857,"orthographic":false}